<img,102,a
<img,102,b
<img,100,a
<img,100,b
<img,100,c
<img,100,d
<img,100,e
<img,100,f
<img,100,g
<img,100,h
<img,100,i
<img,100,j
<img,100,k
<img,100,l
<img,100,m
<img,101,profilepic
<img,101,a
<img,101,b
<img,101,c
<img,101,d
<img,103,a
<img,103,b
<img,103,c
<img,103,d
<img,103,e
<img,103,f
<img,103,g
<img,103,h
<img,103,i
<img,105,a
<img,105,b
<img,105,c
<img,105,d
<img,105,e
<img,106,a
<img,106,b
<img,107,a
<img,107,b
<img,108,a
<img,109,a
<img,109,b
<img,109,c
<img,109,d
<img,10,a
<img,111,a
<img,112,a
<img,114,a
<img,114,b
<img,114,c
<img,114,d
<img,114,e
<img,114,f
<img,114,g
<img,114,h
<img,114,i
<img,114,j
<img,114,k
<img,115,a
<img,115,b
<img,115,c
<img,115,d
<img,115,e
<img,115,f
<img,115,g
<img,115,h
<img,115,i
<img,118,a
<img,118,b
<img,118,c
<img,118,d
<img,118,e
<img,119,a
<img,119,b
<img,119,c
<img,119,d
<img,119,e
<img,119,f
<img,11,a
<img,120,a
<img,121,a
<img,121,b
<img,122,a
<img,122,b
<img,122,c
<img,122,d
<img,122,e
<img,122,f
<img,123,a
<img,123,b
<img,124,a
<img,124,b
<img,124,c
<img,125,a
<img,125,b
<img,125,c
<img,126,a
<img,126,b
<img,126,c
<img,126,d
<img,127,a
<img,127,b
<img,127,c
<img,127,d
<img,127,e
<img,127,f
<img,127,g
<img,127,h
<img,127,i
<img,127,j
<img,127,k
<img,127,l
<img,127,m
<img,127,n
<img,127,o
<img,127,p
<img,127,q
<img,127,r
<img,127,s
<img,127,u
<img,127,v
<img,127,w
<img,127,x
<img,128,a
<img,128,b
<img,128,c
<img,129,b
<img,129,e
<img,129,f
<img,129,j
<img,129,k
<img,12,a
<img,12,b
<img,12,c
<img,12,d
<img,130,profilepic
<img,130,a
<img,130,b
<img,130,d
<img,130,e
<img,130,f
<img,130,g
<img,130,h
<img,130,i
<img,131,d
<img,131,b
<img,131,f
<img,131,g
<img,131,h
<img,132,a
<img,132,b
<img,132,c
<img,132,d
<img,132,e
<img,133,a
<img,133,b
<img,133,c
<img,133,d
<img,133,e
<img,133,f
<img,134,a
<img,134,b
<img,134,c
<img,134,d
<img,134,e
<img,134,f
<img,134,g
<img,134,h
<img,135,a
<img,135,b
<img,135,c
<img,135,d
<img,136,a
<img,136,b
<img,136,c
<img,136,d
<img,136,e
<img,136,f
<img,136,g
<img,136,h
<img,136,i
<img,136,j
<img,136,k
<img,136,l
<img,136,m
<img,136,n
<img,136,o
<img,136,p
<img,136,q
<img,136,r
<img,137,a
<img,138,a
<img,138,b
<img,138,c
<img,138,d
<img,138,e
<img,139,a
<img,139,b
<img,139,c
<img,139,d
<img,139,e
<img,139,f
<img,139,g
<img,13,a
<img,13,c
<img,13,e
<img,13,f
<img,13,g
<img,140,a
<img,140,b
<img,140,c
<img,140,d
<img,142,profilepic
<img,142,a
<img,142,b
<img,143,a
<img,143,b
<img,143,c
<img,144,a
<img,144,b
<img,144,c
<img,146,a
<img,146,b
<img,146,c
<img,146,d
<img,146,f
<img,146,g
<img,146,h
<img,146,i
<img,147,a
<img,147,b
<img,148,a
<img,149,a
<img,149,b
<img,149,c
<img,149,d
<img,149,e
<img,14,a
<img,14,b
<img,14,c
<img,14,d
<img,14,e
<img,14,f
<img,14,g
<img,150,a
<img,150,b
<img,150,c
<img,150,d
<img,150,e
<img,151,a
<img,152,a
<img,152,b
<img,152,c
<img,152,d
<img,152,e
<img,152,f
<img,152,g
<img,152,h
<img,152,i
<img,153,a
<img,153,b
<img,153,c
<img,153,d
<img,153,e
<img,153,f
<img,153,g
<img,153,h
<img,154,a
<img,154,b
<img,154,c
<img,154,d
<img,154,e
<img,154,f
<img,154,h
<img,154,i
<img,154,j
<img,154,k
<img,154,l
<img,154,m
<img,155,a
<img,155,d
<img,155,c
<img,155,e
<img,155,f
<img,155,g
<img,155,h
<img,156,a
<img,156,b
<img,157,a
<img,157,b
<img,157,c
<img,157,d
<img,157,e
<img,158,a
<img,158,c
<img,158,e
<img,158,f
<img,158,g
<img,158,h
<img,158,i
<img,158,j
<img,159,a
<img,159,b
<img,159,c
<img,159,d
<img,159,e
<img,159,f
<img,159,g
<img,159,h
<img,159,i
<img,159,j
<img,159,k
<img,159,l
<img,159,m
<img,159,n
<img,159,o
<img,15,b
<img,15,d
<img,160,a
<img,160,b
<img,160,c
<img,160,d
<img,160,e
<img,160,f
<img,160,g
<img,160,h
<img,160,i
<img,160,k
<img,160,l
<img,160,m
<img,160,n
<img,160,o
<img,160,p
<img,160,q
<img,160,r
<img,160,s
<img,160,t
<img,160,u
<img,160,v
<img,160,w
<img,160,x
<img,160,y
<img,160,z
<img,161,a
<img,161,b
<img,161,c
<img,161,d
<img,161,e
<img,161,f
<img,162,a
<img,162,b
<img,162,c
<img,162,d
<img,163,a
<img,163,b
<img,163,c
<img,163,d
<img,163,e
<img,163,f
<img,163,g
<img,163,h
<img,163,i
<img,163,j
<img,163,k
<img,163,l
<img,163,m
<img,164,a
<img,165,a
<img,165,b
<img,165,c
<img,165,d
<img,165,e
<img,165,f
<img,166,a
<img,166,b
<img,166,c
<img,166,d
<img,167,a
<img,167,b
<img,167,c
<img,167,d
<img,167,e
<img,167,f
<img,167,g
<img,167,h
<img,167,i
<img,168,a
<img,168,b
<img,168,c
<img,168,d
<img,168,e
<img,168,f
<img,168,g
<img,168,h
<img,168,i
<img,168,j
<img,168,k
<img,168,l
<img,168,m
<img,168,n
<img,168,o
<img,168,p
<img,168,q
<img,168,r
<img,168,s
<img,168,t
<img,168,u
<img,168,v
<img,169,a
<img,16,a
<img,blank,blank
<img,170,c
<img,170,d
<img,170,e
<img,171,a
<img,171,b
<img,171,c
<img,171,d
<img,171,e
<img,171,f
<img,171,g
<img,171,h
<img,171,i
<img,171,j
<img,171,k
<img,171,m
<img,171,l
<img,171,n
<img,171,o
<img,171,p
<img,171,q
<img,173,a
<img,173,b
<img,173,c
<img,173,d
<img,173,e
<img,173,f
<img,173,g
<img,173,h
<img,173,i
<img,173,j
<img,173,k
<img,173,l
<img,173,m
<img,173,n
<img,173,o
<img,173,p
<img,174,a
<img,174,b
<img,174,c
<img,174,d
<img,175,a
<img,175,b
<img,175,c
<img,175,d
<img,175,e
<img,175,f
<img,175,g
<img,175,h
<img,176,a
<img,176,b
<img,176,c
<img,176,d
<img,176,e
<img,176,f
<img,176,g
<img,176,h
<img,176,i
<img,176,j
<img,176,k
<img,176,l
<img,177,a
<img,177,b
<img,177,c
<img,177,d
<img,177,e
<img,177,f
<img,177,g
<img,177,h
<img,177,i
<img,177,j
<img,177,k
<img,177,l
<img,177,m
<img,177,n
<img,177,o
<img,177,p
<img,177,q
<img,177,r
<img,177,s
<img,177,t
<img,178,a
<img,178,b
<img,178,c
<img,178,e
<img,178,f
<img,178,g
<img,178,h
<img,178,i
<img,179,a
<img,179,b
<img,179,c
<img,d,
<img,179,e
<img,179,f
<img,179,g
<img,179,h
<img,179,i
<img,179,j
<img,179,k
<img,179,l
<img,179,m
<img,blank,blank
<img,179,n
<img,179,o
<img,179,p
<img,179,q
<img,17,a
<img,17,aa
<img,17,b
<img,17,bb
<img,17,c
<img,17,cc
<img,17,d
<img,17,dd
<img,17,e
<img,17,ee
<img,17,f
<img,17,ff
<img,17,g
<img,17,gg
<img,17,h
<img,17,hh
<img,17,i
<img,17,j
<img,17,k
<img,17,l
<img,17,m
<img,17,n
<img,17,o
<img,17,p
<img,17,q
<img,17,r
<img,17,s
<img,17,t
<img,17,u
<img,17,v
<img,17,w
<img,17,x
<img,17,y
<img,17,z
<img,180,a
<img,180,b
<img,180,c
<img,180,d
<img,180,e
<img,181,a
<img,181,b
<img,182,c
<img,183,a
<img,183,b
<img,183,c
<img,183,d
<img,183,e
<img,183,f
<img,183,g
<img,183,h
<img,183,i
<img,183,j
<img,183,k
<img,183,l
<img,183,m
<img,183,n
<img,183,o
<img,183,p
<img,183,q
<img,183,r
<img,183,s
<img,183,t
<img,183,u
<img,183,v
<img,184,a
<img,184,c
<img,184,d
<img,184,e
<img,184,f
<img,184,g
<img,184,h
<img,185,a
<img,185,b
<img,185,c
<img,185,d
<img,186,a
<img,186,b
<img,186,c
<img,186,d
<img,186,e
<img,186,f
<img,186,g
<img,186,h
<img,186,i
<img,186,j
<img,186,k
<img,186,l
<img,186,m
<img,186,n
<img,186,o
<img,186,p
<img,186,q
<img,186,r
<img,186,s
<img,186,t
<img,186,u
<img,186,v
<img,187,a
<img,187,b
<img,blank,blank
<img,blank,blank
<img,blank,blank
<img,189,a
<img,189,b
<img,189,c
<img,blank,blank
<img,189,a
<img,189,b
<img,189,c
<img,189,e
<img,189,f
<img,189,g
<img,189,h
<img,189,i
<img,189,j
<img,18,a
<img,18,b
<img,18,c
<img,18,d
<img,18,e
<img,190,a
<img,190,c
<img,190,d
<img,190,e
<img,190,f
<img,190,g
<img,190,h
<img,190,i
<img,blank,blank
<img,190,j
<img,191,a
<img,191,a
<img,192,b
<img,193,a
<img,193,b
<img,193,c
<img,193,d
<img,193,e
<img,193,f
<img,193,g
<img,193,h
<img,193,i
<img,194,a
<img,194,b
<img,194,c
<img,194,d
<img,194,e
<img,194,f
<img,194,g
<img,194,h
<img,194,i
<img,195,a
<img,195,b
<img,195,c
<img,195,d
<img,195,e
<img,195,f
<img,195,g
<img,195,h
<img,195,i
<img,195,j
<img,195,k
<img,195,l
<img,195,m
<img,195,n
<img,195,o
<img,195,p
<img,195,q
<img,195,r
<img,195,s
<img,195,t
<img,195,u
<img,195,v
<img,195,w
<img,195,x
<img,195,y
<img,196,a
<img,196,b
<img,196,c
<img,196,d
<img,196,e
<img,196,f
<img,196,h
<img,196,i
<img,196,j
<img,196,l
<img,196,m
<img,196,n
<img,196,o
<img,196,p
<img,197,a
<img,197,c
<img,197,e
<img,197,f
<img,197,g
<img,197,h
<img,197,i
<img,198,a
<img,198,b
<img,blank,blank
<img,198,d
<img,198,e
<img,199,a
<img,199,b
<img,199,c
<img,199,d
<img,199,f
<img,19,a
<img,1,a
<img,1,b
<img,1,c
<img,1,d
<img,1,e
<img,1,f
<img,1,g
<img,1,h
<img,1,i
<img,1,j
<img,1,k
<img,1,l
<img,1,m
<img,1,n
<img,1,o
<img,1,p
<img,1,q
<img,1,t
<img,1,u
<img,200,a
<img,200,aa
<img,200,b
<img,200,bb
<img,200,c
<img,200,cc
<img,200,d
<img,200,dd
<img,200,e
<img,200,ee
<img,200,f
<img,200,ff
<img,200,g
<img,200,gg
<img,200,h
<img,200,hh
<img,200,i
<img,200,j
<img,200,k
<img,200,l
<img,200,m
<img,200,n
<img,200,o
<img,200,p
<img,200,q
<img,200,r
<img,200,s
<img,200,t
<img,200,u
<img,200,v
<img,200,w
<img,200,x
<img,200,y
<img,200,z
<img,20,a
<img,20,b
<img,21,a
<img,21,b
<img,21,c
<img,21,d
<img,22,a
<img,22,b
<img,22,c
<img,22,d
<img,22,e
<img,22,f
<img,22,g
<img,22,h
<img,22,i
<img,22,j
<img,22,k
<img,22,l
<img,22,m
<img,22,n
<img,22,o
<img,22,q
<img,22,r
<img,23,a
<img,23,aa
<img,23,b
<img,23,bb
<img,23,c
<img,23,cc
<img,23,d
<img,23,dd
<img,23,e
<img,23,ee
<img,23,f
<img,23,g
<img,23,f
<img,23,g
<img,23,h
<img,23,i
<img,23,j
<img,23,k
<img,23,l
<img,23,m
<img,23,n
<img,23,o
<img,23,p
<img,23,q
<img,23,r
<img,23,s
<img,23,t
<img,23,u
<img,23,v
<img,23,w
<img,23,x
<img,23,y
<img,23,z
<img,24,a
<img,24,b
<img,24,c
<img,24,d
<img,24,e
<img,24,f
<img,24,g
<img,24,h
<img,24,i
<img,24,j
<img,24,k
<img,26,a
<img,26,b
<img,26,c
<img,26,d
<img,26,e
<img,26,f
<img,26,g
<img,26,h
<img,26,i
<img,26,j
<img,26,k
<img,26,l
<img,27,a
<img,27,b
<img,27,c
<img,27,d
<img,27,e
<img,28,a
<img,28,b
<img,28,c
<img,28,d
<img,28,e
<img,28,f
<img,28,g
<img,28,h
<img,28,i
<img,28,j
<img,28,k
<img,29,a
<img,29,aa
<img,29,b
<img,29,bb
<img,29,c
<img,29,cc
<img,29,d
<img,29,e
<img,29,f
<img,29,g
<img,29,h
<img,29,i
<img,29,j
<img,29,k
<img,29,l
<img,29,m
<img,29,n
<img,29,o
<img,29,p
<img,29,q
<img,29,r
<img,29,s
<img,29,t
<img,29,u
<img,29,v
<img,29,w
<img,29,x
<img,29,y
<img,29,z
<img,2,a
<img,2,b
<img,2,c
<img,2,d
<img,2,e
<img,2,f
<img,2,g
<img,2,h
<img,2,i
<img,2,j
<img,2,k
<img,2,l
<img,2,m
<img,2,n
<img,29,x
<img,29,y
<img,29,z
<img,2,a
<img,2,b
<img,2,c
<img,2,d
<img,2,e
<img,2,f
<img,2,g
<img,2,h
<img,2,i
<img,2,j
<img,2,j
<img,2,k
<img,2,l
<img,2,m
<img,2,n
<img,2,o
<img,2,p
<img,2,q
<img,2,r
<img,30,a
<img,30,b
<img,30,c
<img,30,d
<img,30,e
<img,30,f
<img,30,g
<img,30,h
<img,30,i
<img,30,j
<img,30,l
<img,30,m
<img,30,n
<img,30,o
<img,30,p
<img,31,b
<img,31,c
<img,31,d
<img,32,a
<img,32,b
<img,32,c
<img,32,d
<img,32,e
<img,32,f
<img,32,g
<img,32,h
<img,32,i
<img,32,j
<img,32,k
<img,32,l
<img,32,m
<img,32,n
<img,32,o
<img,32,p
<img,32,q
<img,32,r
<img,33,a
<img,33,b
<img,33,c
<img,33,d
<img,33,e
<img,33,f
<img,33,g
<img,34,a
<img,34,b
<img,34,c
<img,34,d
<img,34,e
<img,34,f
<img,34,g
<img,36,a
<img,36,b
<img,36,c
<img,37,a
<img,37,b
<img,37,c
<img,37,d
<img,37,e
<img,37,f
<img,37,g
<img,38,a
<img,38,b
<img,38,c
<img,d,
<img,38,e
<img,38,f
<img,38,g
<img,39,a
<img,39,b
<img,39,c
<img,39,d
<img,39,e
<img,39,f
<img,39,g
<img,39,h
<img,39,i
<img,39,j
<img,39,k
<img,39,l
<img,39,m
<img,39,n
<img,39,o
<img,3,a
<img,3,b
<img,3,c
<img,40,a
<img,40,b
<img,40,c
<img,41,b
<img,41,c
<img,41,d
<img,42,a
<img,42,b
<img,42,c
<img,42,d
<img,42,e
<img,42,f
<img,42,g
<img,42,h
<img,42,i
<img,42,j
<img,43,a
<img,43,b
<img,43,c
<img,43,d
<img,43,e
<img,44,a
<img,44,b
<img,44,c
<img,44,d
<img,44,e
<img,45,a
<img,45,b
<img,45,c
<img,45,c
<img,45,d
<img,45,e
<img,45,f
<img,45,g
<img,45,h
<img,45,i
<img,45,j
<img,45,k
<img,46,a
<img,46,b
<img,47,a
<img,47,b
<img,47,c
<img,47,d
<img,47,e
<img,47,f
<img,47,g
<img,47,h
<img,47,i
<img,47,j
<img,47,k
<img,47,l
<img,47,m
<img,47,n
<img,47,o
<img,47,p
<img,47,q
<img,48,a
<img,48,b
<img,48,c
<img,48,d
<img,48,e
<img,48,f
<img,g,
<img,48,i
<img,4,a
<img,4,b
<img,4,c
<img,50,a
<img,50,b
<img,50,c
<img,50,d
<img,50,e
<img,50,f
<img,50,g
<img,50,h
<img,50,j
<img,50,i
<img,50,j
<img,50,k
<img,51,a
<img,51,b
<img,52,a
<img,52,b
<img,53,a
<img,53,b
<img,53,c
<img,53,d
<img,53,e
<img,53,f
<img,53,g
<img,53,h
<img,53,i
<img,54,a
<img,54,b
<img,54,c
<img,54,d
<img,54,e
<img,54,f
<img,54,g
<img,54,h
<img,54,i
<img,54,j
<img,blank,blank
<img,55,a
<img,55,b
<img,55,c
<img,55,d
<img,57,a
<img,57,b
<img,57,c
<img,57,d
<img,57,e
<img,57,f
<img,57,g
<img,57,h
<img,57,i
<img,57,j
<img,57,k
<img,58,a
<img,58,b
<img,58,c
<img,58,d
<img,58,e
<img,58,f
<img,58,g
<img,58,h
<img,58,i
<img,58,j
<img,58,k
<img,58,l
<img,58,m
<img,58,n
<img,58,o
<img,58,p
<img,58,q
<img,58,r
<img,58,s
<img,59,a
<img,59,b
<img,59,c
<img,59,d
<img,59,e
<img,59,f
<img,59,g
<img,59,h
<img,59,i
<img,59,j
<img,59,k
<img,59,l
<img,59,m
<img,59,n
<img,5,a
<img,5,b
<img,5,c
<img,5,d
<img,5,e
<img,5,f
<img,5,g
<img,5,h
<img,60,a
<img,60,b
<img,60,c
<img,60,d
<img,60,e
<img,60,f
<img,60,h
<img,60,i
<img,61,a
<img,61,b
<img,61,c
<img,61,d
<img,61,e
<img,61,f
<img,61,g
<img,61,h
<img,61,i
<img,61,j
<img,61,k
<img,61,l
<img,62,a
<img,62,b
<img,62,c
<img,63,a
<img,63,b
<img,63,c
<img,64,a
<img,64,b
<img,64,c
<img,65,a
<img,65,b
<img,65,c
<img,65,d
<img,65,e
<img,65,f
<img,65,g
<img,65,h
<img,66,a
<img,66,c
<img,68,profilepic
<img,68,a
<img,68,b
<img,68,c
<img,68,d
<img,68,e
<img,68,f
<img,68,g
<img,68,h
<img,69,a
<img,6,a
<img,6,b
<img,6,c
<img,6,d
<img,6,e
<img,6,f
<img,6,g
<img,6,h
<img,70,a
<img,70,aa
<img,70,b
<img,70,c
<img,70,d
<img,70,e
<img,70,f
<img,70,g
<img,70,h
<img,70,i
<img,70,j
<img,70,k
<img,70,l
<img,70,m
<img,70,n
<img,70,o
<img,70,p
<img,70,q
<img,70,r
<img,70,s
<img,70,t
<img,70,u
<img,70,v
<img,70,w
<img,70,x
<img,70,y
<img,70,z
<img,71,a
<img,71,b
<img,71,c
<img,71,d
<img,71,e
<img,71,f
<img,71,g
<img,71,h
<img,72,a
<img,73,a
<img,73,b
<img,73,c
<img,74,d
<img,74,e
<img,74,f
<img,76,a
<img,76,b
<img,76,c
<img,76,d
<img,76,e
<img,76,f
<img,77,a
<img,77,b
<img,77,c
<img,78,a
<img,79,a
<img,79,b
<img,79,c
<img,79,d
<img,79,e
<img,79,f
<img,7,a
<img,80,a
<img,80,b
<img,80,c
<img,80,d
<img,80,e
<img,80,f
<img,80,g
<img,80,h
<img,80,i
<img,80,j
<img,80,k
<img,81,a
<img,81,b
<img,81,c
<img,81,d
<img,81,e
<img,81,f
<img,81,g
<img,81,h
<img,81,i
<img,81,j
<img,81,k
<img,81,l
<img,81,m
<img,81,n
<img,81,o
<img,81,p
<img,82,a
<img,82,b
<img,82,c
<img,82,d
<img,82,e
<img,82,f
<img,82,g
<img,82,h
<img,82,i
<img,82,j
<img,82,k
<img,82,l
<img,83,a
<img,83,b
<img,83,c
<img,84,a
<img,84,b
<img,84,d
<img,84,e
<img,84,l
<img,85,a
<img,85,b
<img,85,c
<img,85,d
<img,85,e
<img,85,f
<img,85,g
<img,85,h
<img,85,I
<img,85,j
<img,85,k
<img,85,l
<img,85,m
<img,85,n
<img,85,o
<img,85,p
<img,85,q
<img,85,r
<img,85,s
<img,85,t
<img,86,a
<img,86,aa
<img,86,b
<img,86,bb
<img,86,c
<img,86,d
<img,86,e
<img,86,f
<img,86,g
<img,86,h
<img,86,i
<img,86,j
<img,86,k
<img,86,l
<img,86,m
<img,86,n
<img,86,o
<img,86,p
<img,86,q
<img,86,r
<img,86,s
<img,86,t
<img,86,u
<img,86,v
<img,86,w
<img,86,x
<img,86,y
<img,86,z
<img,87,b
<img,87,c
<img,87,d
<img,87,e
<img,87,f
<img,87,g
<img,88,a
<img,88,b
<img,88,c
<img,88,d
<img,88,e
<img,88,f
<img,89,a
<img,89,b
<img,8,a
<img,8,b
<img,90,a
<img,90,b
<img,90,c
<img,90,d
<img,90,e
<img,90,f
<img,90,g
<img,90,h
<img,90,i
<img,90,k
<img,92,a
<img,92,b
<img,92,c
<img,92,d
<img,92,e
<img,92,f
<img,92,g
<img,92,h
<img,92,j
<img,94,a
<img,95,a
<img,95,b
<img,95,c
<img,96,a
<img,96,b
<img,96,c
<img,96,d
<img,96,e
<img,96,f
<img,96,g
<img,96,h
<img,96,i
<img,96,j
<img,96,k
<img,96,l
<img,96,m
<img,96,n
<img,96,o
<img,96,p
<img,96,q
<img,96,r
<img,96,s
<img,97,a
<img,99,a
<img,99,b
<img,99,c
<img,99,d
<img,99,e
<img,99,f
<img,9,a
<img,9,b
<img,9,c
<img,9,d
<img,9,e
<img,9,f
<img,9,g
<img,9,h
<img,9,i
<img,9,j
<img,9,k
<img,9,l
<img,9,m
<img,9,n
<img,9,o
<img,9,p
<img,9,q
<img,9,r
<img,9,s
<img,9,t
<img,9,u
<img,9,v
